Dataset,SMILES,RON,MON
train,c1ccccc1,120.0,115.0
train,CCCCCCC,0.0,0.0
train,CCO,109.0,90.0
train,CCCCCO,78.0,74.0
train,CCCO,102.6,98.0
train,CCC(C)CO,101.0,88.0
train,C1CCOC1,72.9,65.0
train,Cc1oc(C)cc1,101.3,88.0
train,CCCCCC,24.8,26.0
train,CCC(C)(C)C,91.8,93.0
train,CC(C)CC(C)(C)C,100.0,100.0
train,CCCC1CCCCC1,17.8,14.0
train,C1CC=CC1,93.3,70.0
train,CC1=CCCC1,93.6,73.0
train,C1CCC=CC1,83.9,63.0
train,Cc1ccccc1,120.1,104.0
train,Cc1ccc(C)c(C)c1,110.5,108.0
train,CCc1ccccc1,107.4,98.0
train,C1CCc2ccccc2C1,96.4,82.0
train,Cc1ccc(C)cc1,103.4,101.0
train,CCCCCC(C)=O,69.0,78.1
train,C1CCC=CC1,83.9,63.0
train,C1CC=CC1,93.3,70.0
train,CC1=CCCC1,93.6,73.0
train,CCCCCC,24.8,26.0
train,c1ccccc1,120.0,115.0
train,CCO,109.0,90.0
train,CCCCCO,78.0,74.0
train,CCCCCC(C)=O,69.0,78.1
train,CCc1ccccc1,107.4,98.0
train,C1CCc2ccccc2C1,96.4,82.0
train,CCCO,102.6,98.0
train,CCC(C)CO,101.0,88.0
train,CCC(C)(C)C,91.8,93.0
train,CCCC1CCCCC1,17.8,14.0
train,Cc1ccc(C)cc1,103.4,101.0
train,Cc1ccc(C)c(C)c1,110.5,108.0
train,CC(C)CC(C)(C)C,100.0,100.0
train,CC(C)CC(C)(C)C,100.0,100.0
train,CCCCCCC,0.0,0.0
train,CCCCCCC,0.0,0.0
train,Cc1ccccc1,120.1,104.0
train,Cc1oc(C)cc1,101.3,88.0
train,C1CCOC1,72.9,65.0
train,CCC(C)=O,111.0,106.0
train,C1CCCCCC1,38.8,40.0
train,CCc1cccc(CC)c1,115.5,97.0
train,CCCCc1ccccc1,104.4,94.0
train,CCC(C)CC=C,86.4,74.0
train,CC(C)C(C)(C)C,112.1,101.0
train,CC(C)COC(C)=O,108.7,112.0
train,CCC(C)CC(C)C,65.2,70.0
train,CCCC(C)CCC,26.7,39.0
train,CCCCCCO,69.3,78.0
train,CC(C)=C(C)C,97.4,81.0
train,CC1=CCCCC1,89.2,72.0
train,CCc1ccc(CC)cc1,106.0,95.0
train,CC1=CCC=CC1,75.0,42.0
train,C1C=CCC=C1,75.4,40.0
train,CCCCC=C(C)C,79.8,73.0
train,CCCCCCC#C,50.5,52.0
train,CC(C)Cc1ccccc1,111.4,98.0
train,C/C=C/c1ccccc1,104.4,92.0
train,CCCc1ccccc1,101.5,99.0
train,CCCC(C)C=O,101.9,94.0
train,CCC(C)C=C,96.0,81.0
train,Cc1ccccc1C,105.0,100.0
train,CC1CCC(C)O1,92.2,80.0
train,CCCCC(C)=C,90.7,79.0
train,CCCC(=O)CCC,86.6,89.1
train,CCc1ccccc1C,102.5,92.0
train,CC(=C)CC(C)(C)C,106.0,87.0
train,CC(C)CCOC(C)=O,100.6,97.2
train,Cc1occc1,103.0,86.0
train,CC1(C)CCCCC1,87.3,86.0
train,CCCCCCC=C,28.7,35.0
train,C1Cc2ccccc2C1,103.5,90.0
train,Cc1cccc(C)c1C,105.3,101.0
train,COC(C)(C)C,118.3,101.0
train,CC(C)c1ccc(C)cc1,101.4,97.7
train,CC(C)CC(C)C,83.1,84.0
train,CCCCC(=O)OCC,98.9,92.0
train,CC(C)=O,108.0,100.0
train,CC1CCCC1,91.3,80.0
train,C1CC=CC=C1,74.8,53.0
train,CC(C)CC=C,95.7,81.0
train,C1CCOCC1,52.2,35.0
train,O=C1CCCCC1,101.3,88.0
train,CC(C)(O)C=C,102.7,95.0
train,CCC(C)C(C)C,91.1,89.0
train,CC(C)=CC(C)(C)C,103.5,86.0
train,CCC(C)c1ccccc1,106.7,96.0
train,CCc1ccc(C)cc1,112.8,97.0
train,CCCCCC=C,54.5,51.0
train,CC(C)CCO,94.0,84.0
train,C=CCc1ccccc1,102.5,91.0
train,COC(=O)C(C)C,103.6,105.0
train,CCOC(C)(C)C,118.0,102.0
train,CC(C)CC(C)=O,105.7,106.0
train,CC(=C)c1ccccc1,113.1,101.0
train,CCCC(C)=O,105.7,103.0
train,C=Cc1ccccc1,115.5,102.0
train,Cc1cccc(C)c1,104.0,103.0
train,CCCCCC(C)O,74.6,70.6
train,C1CCCC1,101.3,85.0
train,CCCCC(C)C,42.4,46.0
train,COc1ccccc1,103.0,92.0
train,CCCCC=C,76.4,63.0
train,CCCC(=O)OCC,115.4,106.0
train,CCCC(C)C,73.4,74.0
train,Cc1occc1,103.0,86.0
train,CCCCCCCC,-18.0,0.0
train,Cc1ccc(C)c(C)c1C,105.3,100.0
train,CCCCCC(=O)OC,87.3,84.0
train,CCCCCc1ccccc1,89.2,82.0
train,CC(=C)C(C)(C)C,105.3,91.0
train,COC(C)=O,120.0,120.0
train,CCOC(C)=O,118.0,120.0
train,CC1CCCO1,86.0,73.0
train,CCC(=C)CC,98.3,79.0
train,CCc1cccc(C)c1,112.1,100.0
train,CCC(C)C(=O)OC,110.5,99.0
train,C1CCCCCCC1,71.0,58.0
train,CCCCC(C)(C)C,72.5,77.0
train,CCCCC(=O)OC,103.4,101.0
train,CC\C(C)=C\C,97.2,81.0
train,CC\C=C\CC,94.0,80.0
train,C1C=CC2C3CC(C=C3)C12,107.4,96.0
train,CCCCC(C)CC,26.8,35.0
train,CCCC(C)O,99.4,91.0
train,CCC\C=C\C,92.7,81.0
train,CC1CCCO1,86.0,73.0
train,CCCC(C)CC,52.0,56.0
train,CC(C)O,112.5,96.7
train,Cc1cc(C)cc(C)c1,120.3,120.0
train,C1CCCCC1,83.0,77.0
train,CCC(C)CC,74.5,74.0
train,CCC1CCCCC1,45.6,41.0
train,CC(C)C(C)=O,108.9,102.0
train,CCCCC,61.7,63.0
train,CCC(C)O,105.0,93.0
train,CC(C)CO,105.0,90.0
train,CC1CCCCC1,74.8,71.0
train,CCCCOC(C)=O,100.8,100.0
train,CO,109.6,87.0
train,CC(C)C1CCCCC1,62.8,61.0
train,CC(C)C(C)C(C)C,102.5,96.0
train,CCCC(C)(C)C,92.8,96.0
train,CCOC(=O)C(C)C,110.3,110.0
train,CCCCCC(C)=C,70.2,66.0
train,CC1CCC(C)O1,92.2,80.0
train,CC(C)C(C)=C,101.3,83.0
train,CC(C)=Cc1ccccc1,105.3,92.0
train,CC(C)CCC(C)C,55.2,56.0
train,CC(C)C(=O)C(C)C,99.0,93.0
train,CCC1CCCC1,67.2,61.0
train,CCCCCC(C)C,20.7,23.0
train,CC1CCC=CC1,84.1,67.0
train,CC(C)(C)O,105.0,89.0
train,C[C@@H]1CCC[C@@H](C1C)C,83.4,81.0
train,C[CH]=[C]1CC[CH2]CC1,83.0,71.0
train,CCC1=CCCC1,90.3,72.0
train,C=CCCC=C,71.1,38.0
train,C[C@H]1CC[C@H](C)C1,80.6,73.0
train,CC/C=C(C)/CC,96.4,81.0
train,C1CC[C@H]2CCC[C@H]2C1,70.0,64.0
train,C[C@H]1C[C@H](C[C@H](C1)C)C,59.1,56.0
train,CC(C)=CC=C(C)C,94.3,79.0
train,CC1(C)CCCC1,92.3,89.0
train,CC/C=C/C(C)(C)C,105.3,89.0
train,CC=CC,100.0,84.0
train,COc1ccc(C)cc1,103.5,92.0
train,CCCCCC=CC,56.3,57.0
train,CC(C)C=C,97.5,98.0
train,CCCC=C(C)C,91.6,79.0
train,CC(C)CCCC([O-])=O,100.6,97.0
train,CCC(C)(C)C1CCCCC1,90.4,85.0
train,CC(=C)C(C)=C,99.2,83.0
train,CCCCC=C,73.6,64.5
train,CCC(CC)CC,65.0,69.0
train,CCOC(=O)CCC(C)=O,110.0,112.0
train,CCC(C(C)C)C(C)C,105.3,97.0
train,CCCc1ccccc1C,103.5,92.0
train,CC(C)C1CC1,100.3,88.0
train,CC(C)C1CCCC1,81.1,76.0
train,C1CC[C@@H]2CCC[C@H]2C1,58.5,49.0
train,CCC(CC)(CC)CC,84.0,92.0
train,CCCC#CCCC,59.6,66.0
train,CCC1(C)CCCCC1,68.7,77.0
train,CCC1CC2CCC1C2,51.9,50.0
train,CC,111.3,101.0
train,CCCC(C)c1ccccc1,103.5,92.0
train,CCCC(CC)C(CC)CCC,0.0,25.00000381
train,Cc1ccccc1CC=C,98.6,86.0
train,C1COC=CC1,66.5,49.0
train,CC/C=C/CC(C)C,93.4,82.0
train,CCCC(C)C(C)=C,96.3,84.0
train,CC1CCC(CC1)C(C)C,62.3,61.0
train,C1CC1CC2CC2,95.1,72.0
train,CC(C)CC(C)(C)C,100.0,100.0
train,CCC(C)(C)C=C,103.5,86.0
train,CC(C)C,101.2,98.0
train,CCC(CC)C=C,95.6,82.0
train,C1C=CC=C1,103.5,86.0
train,CC(C)CCC=C,75.5,64.0
train,C[C@H]1CCC[C@@H](C)C1,71.7,71.0
train,CCCC(C)=C(C)C,93.1,79.0
train,CC=CC(C)C,99.3,84.0
train,CC(C)C=C(C)C,100.0,85.0
train,CCCCC1CCCC1,-3.0,-2.0
train,CCC/C=C/C(C)C,94.6,81.0
train,CC=C,101.9,85.0
train,C1CCC(C1)C2CCCC2,9.7,10.0
train,CC1CC1,102.5,81.0
train,CCC1CCC(C)C1,57.6,60.0
train,CC(C)CC#C,91.6,73.0
train,CCCC\C=C\C,73.0,69.0
train,CCCCOC(=O)CCC,97.0,90.7
train,CC(C)\C=C\C(C)C,99.8,83.0
train,C/C=C/C(C)(C)C,105.3,91.0
train,CCC(C)(C)C(C)(C)C,116.8,95.0
train,C=CC1CCCC1,69.3,54.0
train,CCC[C@H]1CCCC[C@H]1C,30.4,39.0
train,CCCC(C)C(C)C,71.3,79.0
train,CC(C)c1ccccc1C,106.0,96.0
train,CC12CCC(CC1)C(C)(C)O2,99.2,91.2
train,C[C@@H]1CCCC[C@H]1C,80.9,79.0
train,CCC(C)(C)C(C)=C,106.0,86.0
train,CCC(C)=C(C)C,97.5,80.0
train,C/C=C/C(C)C,98.0,83.0
train,C[C@H]1C[C@@H](C[C@@H](C1)C)C,68.5,70.0
train,C[C@@H]1CC[C@H](C)CC1,67.2,68.0
train,C[C@@H]1C[C@@H]1C,104.0,84.0
train,CCCCCCCCC(C)C,0.0,0.0
train,CC(C)CC=C(C)C,95.2,82.0
train,CCC1CC1,103.0,84.0
train,CC1=CCC2CC1C2(C)C,83.1,69.0
train,CC(=C)CC(C)(C)C,96.8,83.3
train,CCC\C(C)=C\C,91.5,80.0
train,CC1(C)CCC=CC1,96.2,80.0
train,CC1CC(C)(C)CC=C1,95.5,81.0
train,CCCC(CC)CC,33.5,52.0
train,CCC(=C)C(C)C,97.0,82.0
train,C[C@H]1CCC[C@H](C)C1,66.9,64.0
train,CCC1CCC1,41.1,64.0
train,CCC1CCC=C1,90.8,71.0
train,CC1CCC(C)(C)C1,87.7,84.0
train,C=CC1CCCCC1,64.3,53.0
train,CCCC(C)(C)C(C)(C)C,112.8,92.0
train,CCC1CCCCCC1,28.0,30.0
train,CC(C)CC(C)=C,99.2,85.0
train,CC1C[C@H](C)[C@H](C)C1,89.2,80.0
train,CC(C)CC1CCCC1,33.4,28.0
train,CC=C1CCCC1,82.4,67.0
train,Cc1ccc(C)c(C)c1,109.5,108.0
train,CCOC(=O)C(C)O,107.5,108.1
train,C[C](C)=[C]=[CH2],61.0,42.0
train,CCCC(C)(C)CC,75.5,83.0
train,CCC(CC)=C(C)C,95.6,82.0
train,CC(=C)C1CC1,94.5,75.0
train,CCC(C)(C)c1ccccc1,108.0,97.0
train,C=CCC1CCCC1,52.1,46.0
train,CCCC1CCCC1,31.2,28.0
train,C[C@@H]1CCCC[C@@H]1C,80.9,79.0
train,CCCC/C=C/CC,72.5,68.0
train,CCC(C)C1CCCCC1,51.0,55.0
train,C/C=C(/C)C(C)C,96.0,82.0
train,CC/C=C/C(C)C,97.9,82.0
train,CC1(C)C2CCC(=C)C1C2,80.6,60.0
train,CCC1(C)OC(C)C(C)O1,93.5,87.0
train,CC(=C)CCC(C)=C,90.2,66.0
train,CC(C)C(C)C=C,98.9,81.0
train,CC1CCCCC1(C)C,95.7,88.0
train,CCC,111.9,97.0
train,CCCCOC(=O)CCC(=O)C,98.0,96.0
train,CCC(C)C(C)(C)C,109.6,100.0
train,CCc1cc(C)cc(C)c1,114.8,102.0
train,CCC(C)C(C)=C,99.3,84.0
train,CC(C)CC1CCCCC1,33.7,29.0
train,CCCCCCC(C)C,7.0,11.0
train,CC1(C)CC1(C)C,105.3,90.0
train,CC(C)\C=C/C(C)C,104.0,87.0
train,CCCCCC(=O)OCC,76.5,74.7
train,CCCC(CC)(CC)CC=C,79.8,75.0
train,CC1CCC2CC1C2(C)C,77.7,66.0
train,CCCC,93.8,90.0
train,CCC(C)(C)C(C)C,106.0,99.0
train,CC(C)C1(C)CCC(C)C(C)C1,96.0,90.0
train,CC\C=C/C(C)(C)C,106.7,88.0
train,CC(=C)C=C,99.1,81.0
train,CC(C)CCCC=C,63.6,63.0
train,CC1CC1(C)C,111.0,88.0
train,CCC(C)(CC)CC,80.8,89.0
train,CC=CC=CC,97.1,81.0
train,CCC(CC)C(C)=C,99.5,85.0
train,CCC\C=C\CCC,73.3,74.0
train,CC1=CCC2C(C1)C2(C)C,73.5,55.8
train,CC1=C(C)CCCC1,89.7,72.0
train,CCc1cccc(C)c1C,104.4,92.0
train,CCC1=CCCCC1,85.5,71.0
train,Cc1ccccc1,120.0,109.0
train,CCC/C=C/CC,89.8,79.0
train,o1cccc1,108.6,92.0
train,CCOC(C)CC(=O)OCC,97.1,88.3
train,CCC(C)/C=C/C,96.8,83.0
train,CC1CCC(=O)O1,100.0,100.0
train,CCC(C)=C,102.5,82.0
train,CCC(C)C,92.3,90.0
train,C[C@H]1CC[C@H](C)[C@@H](C)C1,72.9,74.0
train,CC1CC=CC(C)(C)C1,96.5,83.0
train,CCCC(C)C=C,82.2,72.0
train,C/C=C/CC(C)C,94.5,81.0
train,C[C@H]1CC[C@@H](C)C1,79.2,73.0
train,CCCCCCC(C)(C)C,49.0,46.0
train,C1CCCC1,100.0,85.6
train,CCC(CC)C(C)C,87.3,88.0
train,CCCC\C=C\C,73.4,69.0
train,C=C,98.9,76.0
train,CCCC(O)CC,94.1,
train,CC(C)OC(C)=O,120.0,
train,CCCC(C)CO,91.7,
train,CCC(=O)CC,106.8,
train,CCC#CC,98.0,
train,CC(C)C12CCC(C)(CC1)O2,98.4,
train,O=Cc1occc1,53.0,
train,CCCC(CC)(CC)CCC,55.0,
train,CCCC#CCC,40.0,
train,COC(=O)c1ccccc1,109.7,
train,CCCCC1CCCCC1C,39.0,
train,C#C,80.0,
train,CCC1CCC(C)CC1,54.0,
train,CCC(C)C=CC,98.6,
train,CCCCC1CCCC(C)C1,34.0,
train,OCc1ccccc1,103.9,
train,CCCCCC#C,84.0,
train,CCCCC1CCC(C)CC1,28.0,
train,CCC1CCCC(C)C1,58.0,
train,CCCC1CCC(C)CC1,34.0,
train,CC(=C)CCO,97.2,
train,CCO,108.6,
train,CCC\C=C/CC,90.2,
train,CC(C)CCCC(C)C,36.0,
train,C[C@@H]1C[C@H]1C,104.4,
train,CCC=C(C)CC,96.0,
train,C[C@H]1CC[C@H](CC1)C(C)C,63.4,
train,CCC1CCCCC1C,74.0,
test,CCC(C)C(C)CC,76.3,82.0
test,CC(C)OC(C)C,102.5,99.0
test,CC(C)CC(C)O,102.0,95.0
test,CCCCO,98.0,85.0
test,CCC(CC)=CC,93.7,81.0
test,CC(C)C(C)=C(C)C,96.8,81.0
test,O=C1CCCC1,101.3,89.0
test,CCC(C)(C)OC,109.0,99.0
test,CC(C)(C)CC=C,104.4,85.0
test,CC(C)c1ccccc1,102.1,99.3
test,CCC(O)CC,103.0,90.8
test,CCCC(=O)OC,107.2,105.0
test,CC(C)(C)C=C,111.7,93.0
test,CCC=C(C)C,97.8,83.0
test,C\C=C/C(C)C,99.7,85.0
test,CCC(C)(C)CC,80.8,87.0
test,CC(C)(C)c1ccccc1,115.5,107.0
test,CCCC(C)=C,94.2,82.0
test,C1C=Cc2ccccc12,113.7,107.0
test,CC=C(C)C,97.3,85.0
test,CC(C)C(C)C,103.6,94.0
test,CCC(C)CC(C)(C)CC,86.4,89.0
test,C[C@@H]1CC[C@@H](C)CC1,68.3,62.0
test,CC(=C)C1(C)CCC(=C(C)C1)C,92.8,76.0
test,CC(C)=CCO,93.5,74.2
test,CCCC=C,90.9,77.0
test,CC=C(C)C(C)(C)C,103.0,86.0
test,CCCc1cccc(C)c1,111.9,101.0
test,CC(C)(C)C1CCCCC1,98.5,89.0
test,CCC=C,97.5,81.0
test,CC=CCCC(C)C,71.3,66.0
test,CC(C)C12CCC(=C)C1C2,80.9,59.0
test,CCC(CC)C(C)(C)C,112.1,100.0
test,C=CC1CCC=CC1,77.0,58.0
test,CCCC1CCCCC1C,29.9,39.0
test,CCC=CC,87.8,88.0
test,CC#CC,85.9,70.0
test,CCC[C@@H]1CCCC[C@H]1C,29.4,39.0
test,CC(C)(C)C,85.5,80.0
test,CC(=C)C1CCC(=CC1)C,90.6,73.0
test,C[C@H]1CCC[C@@H](C1C)C,86.2,83.0
test,CCc1cc(C)ccc1C,106.4,96.0
test,C\C=C/c1ccccc1,105.3,92.0
test,CCc1ccc(C)cc1C,106.0,96.0
test,C\C=C/C(C)(C)C,105.3,90.0
test,CC1CCCC(C)(C)C1,81.3,83.0
test,CCC\C(C)=C/C,92.4,80.0
test,CCCCCC(C)(C)C,50.3,61.0
test,CCC(C)(C)O,97.0,
test,COC(OC)c1ccccc1,100.5,
test,CC(C)=CCCC(=C)C=C,82.5,
test,CC(=C)[C@@H]1CCC(=CC1)C,87.1,
test,CCCC1CCCC(C)C1,39.0,
